height,hash,date,pool,versionHex,impliedEhDays,marketCostSats,totalMiningRevenueSats,rentalPnlSats,filterTaxSats,confidence
938903,0000000000000000000161b65dc9cf0adfdad107b801cd87f1dcf0cfbb454654,2026-03-01,"OCEAN",0x20792010,7.14983045,361924417,314757991,,,MEDIUM
942509,000000000000000000017ebc8294dd28e7ce3bccd177bda4492b8e68b7304db9,2026-03-27,"OCEAN",0x21676010,6.40662045,324303127,316266819,,,MEDIUM
942721,00000000000000000000359c90bdfdc26147fc7d56ffd580e857948434d65efd,2026-03-29,"OCEAN",0x3c87a010,6.40662045,324303127,314374268,,,MEDIUM
942906,00000000000000000001225eb99ad8a0951cd2c0062e3f2096ce298612bebc15,2026-03-30,"OCEAN",0x38000010,6.40662045,324303127,315379889,,,MEDIUM
944297,00000000000000000000a071844b072910fb8e7370137a5e945b48bf7988d18c,2026-04-09,"OCEAN",0x27fc2010,7.08334696,358559023,314171765,,,MEDIUM
944981,00000000000000000001f39ec7f5514bf59fe1d23a231d65769f7d581b2b2051,2026-04-14,"OCEAN",0x2e000010,7.08334696,358559023,312997163,,,MEDIUM
950356,0000000000000000000090c87bc61d2263c4332ce719c6245c8e3706447430a9,2026-05-21,"OCEAN",0x20000010,6.67939125,338110785,314620877,,,MEDIUM
950530,00000000000000000000f4dd205c46601cd55c0c4975960545545d2abe3b60bb,2026-05-22,"OCEAN",0x2000e010,6.67939125,338110785,315141711,,,MEDIUM
950606,0000000000000000000001f2fd015cfec5a8afd4168ee398cfb42e1c2094540b,2026-05-23,"OCEAN",0x3fff0010,6.67939125,338110785,312529132,,,MEDIUM
950687,00000000000000000000accaad8ea2bf236a13f31dae6ba761ffe328cc7f05fe,2026-05-23,"OCEAN",0x20000010,6.67939125,338110785,314990155,,,MEDIUM
950879,0000000000000000000192a23f4bb7a1c964de85e3b16ea164d7de34d6425a0c,2026-05-24,"OCEAN",0x25f2c010,6.67939125,338110785,312507014,,,MEDIUM
951118,000000000000000000017b27ae901f16ac0b234d4e3b3c86d48cf3396f494641,2026-05-26,"OCEAN",0x20000010,6.67939125,338110785,315794639,,,MEDIUM
951173,00000000000000000000361f177b2a896dd631c51d5901a32e250dc869aebe82,2026-05-26,"OCEAN",0x2000e010,6.67939125,338110785,314177582,,,MEDIUM
951929,0000000000000000000049c609df9f8a6ba719129f99068b900271b40f20c9ee,2026-06-01,"OCEAN",0x25484010,7.68628185,389079587,317807294,,,MEDIUM
951972,00000000000000000000c5f8d0d94a95c8f544957aa6343e7eafca8ea9301045,2026-06-01,"OCEAN",0x20000010,7.68628185,389079587,313611492,,,MEDIUM
952057,000000000000000000015fad7fe5dc582ee5b8f06b88ddc071f799fe1e6cc184,2026-06-02,"OCEAN",0x26a52010,7.68628185,389079587,312773891,,,MEDIUM
952229,00000000000000000001c26016e415d7f30005ec8b2b3c11d2f8bdc2f2262c92,2026-06-03,"Unknown",0x21ffc010,7.68628185,389079587,314314439,,,MEDIUM
952680,00000000000000000001e9711cb34edf98e09009a7985d741c79afda5d52bcbe,2026-06-07,"OCEAN",0x2f5fa010,7.68628185,389079587,315388514,,,MEDIUM
952707,0000000000000000000067a64c0b6cd29b686aee85c548c3970bd0f0029994c5,2026-06-07,"OCEAN",0x20800010,7.68628185,389079587,313824627,,,MEDIUM
952819,0000000000000000000122a4569fbf43997b213a4f29ef4a7b400f315ec0f548,2026-06-08,"OCEAN",0x20008010,7.68628185,389079587,312581154,,,MEDIUM
952842,0000000000000000000063e046d7c7952b59a55b0fa1ac0a3dd7ba5b52f3ba3c,2026-06-08,"OCEAN",0x22a90010,7.68628185,389079587,314731320,,,MEDIUM
952878,00000000000000000000b1f2fe1a5c4a32c470097d17c1738779846934982e92,2026-06-08,"OCEAN",0x20032010,7.68628185,389079587,315294807,,,MEDIUM
952908,00000000000000000001f78acd10cc3a3cbce5ebe595f090deb7c6035d8bca69,2026-06-08,"OCEAN",0x2002e010,7.68628185,389079587,314092859,,,MEDIUM
953061,000000000000000000016ec8e4144151c80de02c1c43986aa0107f505556f7b1,2026-06-10,"OCEAN",0x27674010,7.68628185,389079587,313464019,,,MEDIUM
953122,00000000000000000000ce39b083208608b6b186468d365e7de3088e2aa26046,2026-06-10,"OCEAN",0x28000010,7.68628185,389079587,313720617,,,MEDIUM
953253,000000000000000000018b649455ba8b325b0d168c3e4a99da0da1b01dd22b12,2026-06-11,"OCEAN",0x20000010,7.68628185,389079587,317849427,,,MEDIUM
953314,00000000000000000000f4e9e80cf48df12fb12c75e1e0ffe92292bbf088e46a,2026-06-12,"OCEAN",0x2518a010,7.68628185,389079587,312966469,,,MEDIUM
953422,0000000000000000000030ed8b4f44d0ac2eb763a97d6fed744d5294b3e39979,2026-06-12,"OCEAN",0x27512010,7.68628185,389079587,314386320,,,MEDIUM
953488,00000000000000000001654fb3e44e9472ebb642e0701b56f1585c8ba670bf67,2026-06-13,"OCEAN",0x20026010,7.68628185,389079587,314268232,,,MEDIUM
953745,00000000000000000000c9890c4619122c7d20f4e025952f99590796302d6594,2026-06-15,"OCEAN",0x2003c010,5.79892736,293541703,314016477,,,MEDIUM
954321,0000000000000000000049027cd89803bbcb09db5383e2cd52b5ec768d69773b,2026-06-19,"OCEAN",0x20000010,5.79892736,293541703,314747926,,,MEDIUM
954787,000000000000000000009ffdf62ba43ea8ed3a547e4d10e3c444ce510c681b37,2026-06-22,"OCEAN",0x2006a010,5.79892736,293541703,312993685,,,MEDIUM
954811,0000000000000000000193937d7db9431e1f186d17895b24bbbef7fea94db530,2026-06-22,"OCEAN",0x20000010,5.79892736,293541703,312505909,,,MEDIUM
954975,000000000000000000012e8b1886c1435f8ebed14b97b1a75553a307da1170d4,2026-06-23,"OCEAN",0x2000e010,5.79892736,293541703,313863040,,,MEDIUM
955244,000000000000000000022d84bad3f432d2dde7d341c58895b1a0a372b72273b5,2026-06-24,"OCEAN",0x2000e010,5.79892736,293541703,313338262,,,MEDIUM
955400,000000000000000000000dcbfabb98ec5fc61411f8a05634c58c679c004ea84e,2026-06-25,"OCEAN",0x20016010,5.79892736,293541703,312681468,,,MEDIUM
955438,0000000000000000000234a7943f3ab568a5734dbf994b5a39378ab3a9974144,2026-06-26,"OCEAN",0x2691c010,5.79892736,293541703,312752251,,,MEDIUM
955477,000000000000000000009e35d10711d87c5c88bcc126676502487306a1e3c2e4,2026-06-26,"OCEAN",0x3fff0010,5.79892736,293541703,314036566,,,MEDIUM
955805,000000000000000000015d42da113658fa95985acaf0f355491a85b9fe42f32e,2026-06-28,"OCEAN",0x3a620010,7.00862291,354776492,313038113,,,MEDIUM
955941,00000000000000000001432fc781b49e0394ffd204bc007d45511ff9056f8e41,2026-06-29,"OCEAN",0x3fff0010,7.00862291,354776492,317848743,,,MEDIUM
955984,0000000000000000000076cd20630f8deb16fc059c4b9dd557f890fb9ed2af59,2026-06-29,"OCEAN",0x2400c010,7.00862291,354776492,323131661,,,MEDIUM
956216,000000000000000000015f3cb7d4e4e0ec940f481bb160e559ec7f9d1cf534c6,2026-07-01,"OCEAN",0x213c4010,7.00862291,354776492,314355050,,,MEDIUM
956285,000000000000000000016c9b5d1911c345949fc6e46f7661a9212b974dbb32fd,2026-07-02,"OCEAN",0x2000e010,7.00862291,354776492,313358569,,,MEDIUM
956299,0000000000000000000164ea220ea05756b2b61ed2880a848e09b4adb0f7d7bf,2026-07-02,"OCEAN",0x2793e010,7.00862291,354776492,314989570,,,MEDIUM
956437,00000000000000000002125eafc0a10f54654b0716a57ed7442237f2b7d04380,2026-07-03,"OCEAN",0x20060010,7.00862291,354776492,313594278,,,MEDIUM
956510,000000000000000000013e5d855fd2f880e89528107504e8a5206f5291ea62a9,2026-07-03,"OCEAN",0x20000010,7.00862291,354776492,313235800,,,MEDIUM
956575,00000000000000000000d505fa94a679f2d2892c506dd9624932ecee6a4617d9,2026-07-04,"OCEAN",0x235a8010,7.00862291,354776492,313437194,,,MEDIUM
956623,000000000000000000001f091f98e2fad1e3c61f2486086480e74781f38ca201,2026-07-04,"OCEAN",0x201e4010,7.00862291,354776492,314920797,,,MEDIUM
956740,00000000000000000001f6f6dc7d42e1927d16d00ba936a06c4056ad2fdef013,2026-07-05,"OCEAN",0x2a000010,7.00862291,354776492,312842189,,,MEDIUM
957047,00000000000000000000c61153a14cad2fbe9903395c02adaf4592eaa6627e6f,2026-07-07,"OCEAN",0x3e000010,7.00862291,354776492,314048715,,,MEDIUM
957068,00000000000000000000f926898c9da79343c921f92fe717a0eb5ffbb46a112b,2026-07-07,"OCEAN",0x20c4a010,7.00862291,354776492,323766661,,,MEDIUM
957110,00000000000000000001dda9597b0d4cc54b28c532bbd320f1b37f5fcdaf32d5,2026-07-08,"OCEAN",0x200f6010,7.00862291,354776492,313495226,,,MEDIUM
957276,00000000000000000001c92ff2af90980a78a4dac2134ce293ca8edd2950c87d,2026-07-09,"OCEAN",0x3fffe010,7.00862291,354776492,316091001,,,MEDIUM
957277,00000000000000000001d136693339598bc20792203d20c98216c7d06942bcd3,2026-07-09,"OCEAN",0x3fffe010,7.00862291,354776492,316293502,,,MEDIUM
957298,0000000000000000000054717819ca45f53fe220349c66f4de375ce412e3e0c9,2026-07-09,"OCEAN",0x20044010,7.00862291,354776492,313055883,,,MEDIUM
957342,00000000000000000000fac86b2a178e931a9855f954205da963cf11692262bc,2026-07-09,"OCEAN",0x269a4010,7.00862291,354776492,313283814,,,MEDIUM
957384,0000000000000000000161930c596dcaca49820ad28e556b5ff263cf1de230fb,2026-07-10,"OCEAN",0x38836010,7.00862291,354776492,313276441,,,MEDIUM
957482,000000000000000000002e7b63a5503ac209994cafb35950d3a1d05e8afa2339,2026-07-10,"OCEAN",0x26540010,7.00862291,354776492,314170986,,,MEDIUM
957765,00000000000000000000153ca47d347914d98952bf592ef0b141fa87fd71acb7,2026-07-12,"OCEAN",0x3fffe010,6.37186761,322543938,312524186,,,MEDIUM
957769,000000000000000000021d0693b22a5d13dedcefd3cec9c7092b33108e577fe8,2026-07-12,"OCEAN",0x2000e010,6.37186761,322543938,314389135,,,MEDIUM
957809,000000000000000000009c7a67a2241b40d1b3fc1c8da9a4324ec0587dea0df9,2026-07-13,"OCEAN",0x200d8010,6.37186761,322543938,313947421,,,MEDIUM
958015,000000000000000000004d01e7b31e16da631e0b35e6f786a3efe8ae7d970a31,2026-07-14,"OCEAN",0x2000a010,6.37186761,322543938,313454526,,,MEDIUM
958096,00000000000000000000f3dcfc8998d16be8b0c1b3a709b074fedaccb6b2a89e,2026-07-15,"OCEAN",0x3fffe010,6.37186761,322543938,312713373,,,MEDIUM
958109,00000000000000000000aed9c0e003a37223a63b8ab4840ecb784e3ab24d75ac,2026-07-15,"OCEAN",0x29234010,6.37186761,322543938,314626127,,,MEDIUM
958151,000000000000000000012252596105b734c5c8d8f1325ba26314676b7366b84d,2026-07-15,"OCEAN",0x2000e010,6.37186761,322543938,314779542,,,MEDIUM
958446,000000000000000000007d8c7467ad81565079ac85cfa27b8cc1215d5efe8b12,2026-07-17,"OCEAN",0x29d26010,6.37186761,322543938,316013766,,,MEDIUM
958608,000000000000000000008153c31dd676874af44a7f878feb053ea21a113d1ce4,2026-07-18,"OCEAN",0x24992010,6.37186761,322543938,314814018,,,MEDIUM
958718,000000000000000000004c2f5dbbc5e3a72c081d7fca78df24aa25b87bff1556,2026-07-19,"OCEAN",0x3fffe010,6.37186761,322543938,314307424,,,MEDIUM
958831,000000000000000000002591a06e849f328310ae91b3d35345578d2c480852db,2026-07-20,"OCEAN",0x24be8010,6.37186761,322543938,312631701,,,MEDIUM
958942,00000000000000000001db008b84a6003fc8715fec09137608ca880f8305739e,2026-07-21,"OCEAN",0x2000e010,6.37186761,322543938,315439139,,,MEDIUM
959067,00000000000000000001eac7b8a8e4a482088bcccf9032320da2f81a60c01111,2026-07-21,"OCEAN",0x2a000010,6.37186761,322543938,313658012,,,MEDIUM
959101,00000000000000000000b1b9cc5f2f44abd66410bfc51120efacbcd43624722e,2026-07-22,"OCEAN",0x3fffe010,6.37186761,322543938,312873108,,,MEDIUM
959131,00000000000000000000fc8b92756fb1a8682670f9a35b83d883d7be64934aa2,2026-07-22,"OCEAN",0x2762a010,6.37186761,322543938,314439215,,,MEDIUM
959143,000000000000000000021bcc600faa5e185ae516cf38f51a3edab3e615ccd8a7,2026-07-22,"OCEAN",0x2c2ee010,6.37186761,322543938,316507166,,,MEDIUM
959154,000000000000000000009c36585be01b6df18ca2302af3de6bb92455b50aa190,2026-07-22,"OCEAN",0x246d8010,6.37186761,322543938,313974466,,,MEDIUM
959199,000000000000000000021d04e5908f27ce2417a45a57907d7d9343ac11d5e290,2026-07-23,"OCEAN",0x20074010,6.37186761,322543938,314637238,,,MEDIUM
959258,00000000000000000001c25f649bed9c05a0bd68b0651e9ac7659265477dfbc3,2026-07-23,"OCEAN",0x20200010,6.37186761,322543938,312832112,,,MEDIUM
959384,00000000000000000000b5db73415dd63b289dc8a69817c3303fd4315a1ffc12,2026-07-24,"OCEAN",0x2124a010,6.37186761,322543938,314114316,,,MEDIUM
959434,0000000000000000000190eb4decf660257411cd231f311a2ca607146061a5b7,2026-07-24,"OCEAN",0x2e000010,6.37186761,322543938,314195180,,,MEDIUM
959449,00000000000000000000cbaa501a047958131912dd9db7c987e618131b00de42,2026-07-24,"OCEAN",0x2673e010,6.37186761,322543938,314022362,,,MEDIUM
959499,00000000000000000000787b48539aecc12b609a90951fa4273c15fb02026daa,2026-07-25,"OCEAN",0x2001c010,6.37186761,322543938,313784375,,,MEDIUM
959562,0000000000000000000051eff1c82ebc272684bd084300aa6dbf4b1bf1f4b27d,2026-07-25,"OCEAN",0x230ae010,6.37186761,322543938,313362238,,,MEDIUM
959571,00000000000000000001701116fee8777b93360d686c9b9244ed45ae0bdf1265,2026-07-25,"OCEAN",0x230b2010,6.37186761,322543938,312823043,,,MEDIUM
959614,000000000000000000013e1344f222377e17c876af8f0fb415ae07e9f107bc97,2026-07-25,"OCEAN",0x26ec6010,6.37186761,322543938,313077639,,,MEDIUM
959673,000000000000000000008de15f4c6843c665b036c51ea09978064f2d8546ed26,2026-07-26,"OCEAN",0x32000010,6.38734790,323327551,314120513,,,MEDIUM
959707,000000000000000000006c7e289c468f66869bffff7bd7a35011085badf67153,2026-07-26,"OCEAN",0x3fffe010,6.38734790,323327551,312799223,,,MEDIUM
959710,00000000000000000000484e00cdc2e7d8d97520356249edabb0e876a6826d42,2026-07-26,"OCEAN",0x260ec010,6.38734790,323327551,313599901,,,MEDIUM
959713,00000000000000000001ef962f5604c074751cc75671e798d8b71e592a965a1f,2026-07-26,"OCEAN",0x20090010,6.38734790,323327551,313695574,,,MEDIUM
959762,000000000000000000000b6496bf4dca14056edd4e4ba41879294c48b2c94716,2026-07-26,"OCEAN",0x26ff8010,6.38734790,323327551,312510821,,,MEDIUM
959776,000000000000000000021315a1a6ce5741b3cef76abab3aa874d4a71c604a3ef,2026-07-27,"OCEAN",0x20000010,6.38734790,323327551,313853672,,,MEDIUM
959867,00000000000000000001068bef744b189716c615e27cb8b208d22ceab9617a8d,2026-07-27,"OCEAN",0x20a00010,6.38734790,323327551,317994295,,,MEDIUM
959943,00000000000000000000a72a65fc204301b149963d53855d65498f270061b97d,2026-07-28,"OCEAN",0x29efc010,6.38734790,323327551,314235524,,,MEDIUM
959977,000000000000000000007a809315b965d348b913d9666189e6b52b2acc9b1b69,2026-07-28,"OCEAN",0x20110010,6.38734790,323327551,315573673,,,MEDIUM
959986,0000000000000000000117026f4cc4c61706f8864bd246b636986306ae307691,2026-07-28,"OCEAN",0x2aa64010,6.38734790,323327551,318183590,,,MEDIUM
960235,00000000000000000001255e02bab2c3867f1924d4a6299cc12ba1415bec4dcb,2026-07-30,"OCEAN",0x22c2a010,6.38734790,323327551,313260082,,,MEDIUM
960239,00000000000000000002225178f06ea2e2c49cc1c484ac00ceae0e679f3daaf4,2026-07-30,"OCEAN",0x3fffe010,6.38734790,323327551,312514502,,,MEDIUM
960244,00000000000000000001c44136eafa385b82ad9688782c16ab89a109f49e57af,2026-07-30,"OCEAN",0x2957c010,6.38734790,323327551,313382361,,,MEDIUM
960265,000000000000000000010f0a28217b8ab9aee0b2c36c50f4fd2b8204e3c53cbb,2026-07-30,"OCEAN",0x2ca0e010,6.38734790,323327551,315363703,,,MEDIUM
960289,000000000000000000012f5df3436ef57ebca39b3444b637311d5f54e72ae8d8,2026-07-30,"OCEAN",0x2421e010,6.38734790,323327551,317125474,,,MEDIUM
960293,00000000000000000001af2e3aaad383ed4b2e94e797e5a03b17ab0b7fcc2464,2026-07-30,"OCEAN",0x3fff0010,6.38734790,323327551,315283571,,,MEDIUM
960304,00000000000000000001b94cb1ff4c0c6627e3ddfd8f49eb48b4ddce5275dadf,2026-07-30,"OCEAN",0x2000e010,6.38734790,323327551,312535748,,,MEDIUM
960308,0000000000000000000225e8f33535a3432389ad23c33b6b5615e08b87ca3ad8,2026-07-30,"OCEAN",0x23124010,6.38734790,323327551,313034082,,,MEDIUM
